{"footer-1":{"text-2":{"title":"","text":"<h3 class=\"h5 mb-20 text-white\">Piroll Design, Inc.<\/h3>\r\n<p class=\"mb-0\">\u00a9 2017 Piroll. All rights reserved.\r\nDesign by robirurk. Code by nK.<\/p>","filter":true,"visual":true}},"footer-2":{"text-3":{"title":"","text":"<a href=\"#\">hello@pirolltheme.com<\/a>\r\n+44 987 065 908","filter":true,"visual":true}},"footer-3":{"text-4":{"title":"","text":"<div class=\"nk-links-list\">\r\n<ul>\r\n \t<li><a href=\"#\">Projects<\/a><\/li>\r\n \t<li><a href=\"#\">About<\/a><\/li>\r\n \t<li><a href=\"#\">Services<\/a><\/li>\r\n \t<li><a href=\"#\">Career<\/a><\/li>\r\n<\/ul>\r\n<ul>\r\n \t<li><a href=\"#\">News<\/a><\/li>\r\n \t<li><a href=\"#\">Events<\/a><\/li>\r\n \t<li><a href=\"#\">Contact<\/a><\/li>\r\n \t<li><a href=\"#\">Legals<\/a><\/li>\r\n<\/ul>\r\n<ul class=\"hidden-lg-down\">\r\n \t<li><\/li>\r\n<\/ul>\r\n<ul>\r\n \t<li><a href=\"#\">Facebook<\/a><\/li>\r\n \t<li><a href=\"#\">Twitter<\/a><\/li>\r\n \t<li><a href=\"#\">Instagram<\/a><\/li>\r\n \t<li><a href=\"#\">Dribbble<\/a><\/li>\r\n<\/ul>\r\n<\/div>","filter":true,"visual":true}}}